Product Name,Quantity,Subtotal
Product 4,22,219.78000000000003
Product 1,11,109.89
Product 2,16,159.83999999999997
Product 3,13,129.86999999999998
Product 5,37,369.63
Product 6,42,419.58000000000004
Product 18,1,9.99
Product 9,1,9.99
Product 11,1,9.99
Product 10,1,9.99
Product 24,1,9.99
Product 12,1,9.99
Product 9,25,149.75
Product 10,2,19.98
Product 23,5,24.950000000000003
